2020-01-03	6.968100
2020-01-02	6.961400
2019-12-31	6.976200
2019-12-30	6.980500
2019-12-27	6.987900
2019-12-26	6.980100
2019-12-25	7.006700
2019-12-24	7.011900
2019-12-23	7.011700
2019-12-20	7.002000
2019-12-19	7.002500
2019-12-18	6.996900
2019-12-17	6.997100
2019-12-16	6.991500
2019-12-13	7.015600
2019-12-12	7.025300
2019-12-11	7.038500
2019-12-10	7.040000
2019-12-09	7.040500
2019-12-06	7.038300
2019-12-05	7.076200
2019-12-04	7.038200
2019-12-03	7.022300
2019-12-02	7.026200
2019-11-29	7.029800
2019-11-28	7.027100
2019-11-27	7.034900
2019-11-26	7.034400
2019-11-25	7.039700
2019-11-22	7.030600
2019-11-21	7.021700
2019-11-20	7.011800
2019-11-19	7.003000
2019-11-18	7.003700
2019-11-15	7.009100
2019-11-14	7.008300
2019-11-13	7.002600
2019-11-12	6.998800
2019-11-11	6.993300
2019-11-08	6.994500
2019-11-07	7.000800
2019-11-06	7.008000
2019-11-05	7.038500
2019-11-04	7.038200
2019-11-01	7.043700
2019-10-31	7.053300
2019-10-30	7.058200
2019-10-29	7.061700
2019-10-28	7.076200
2019-10-25	7.074900
2019-10-24	7.072700
2019-10-23	7.075200
2019-10-22	7.066800
2019-10-21	7.068000
2019-10-18	7.069000
2019-10-17	7.078900
2019-10-16	7.074600
2019-10-15	7.070800
2019-10-14	7.072500
2019-10-11	7.072700
2019-10-10	7.073000
2019-10-09	7.072800
2019-10-08	7.072600
2019-09-30	7.072900
2019-09-27	7.073100
2019-09-26	7.072900
2019-09-25	7.072400
2019-09-24	7.072900
2019-09-23	7.073400
2019-09-20	7.073000
2019-09-19	7.073200
2019-09-18	7.072800
2019-09-17	7.073000
2019-09-16	7.065700
2019-09-12	7.084600
2019-09-11	7.084300
2019-09-10	7.084600
2019-09-09	7.085100
2019-09-06	7.085500
2019-09-05	7.085200
2019-09-04	7.087800
2019-09-03	7.088400
2019-09-02	7.088300
2019-08-30	7.087900
2019-08-29	7.085800
2019-08-28	7.083500
2019-08-27	7.081000
2019-08-26	7.057000
2019-08-23	7.057200
2019-08-22	7.049000
2019-08-21	7.043300
2019-08-20	7.045400
2019-08-19	7.036500
2019-08-16	7.031200
2019-08-15	7.026800
2019-08-14	7.031200
2019-08-13	7.032600
2019-08-12	7.021100
2019-08-09	7.013600
2019-08-08	7.003900
2019-08-07	6.999600
2019-08-06	6.968300
2019-08-05	6.922500
2019-08-02	6.899600
2019-08-01	6.893800
2019-07-31	6.884100
2019-07-30	6.886200
2019-07-29	6.882100
2019-07-26	6.879600
2019-07-25	6.873700
2019-07-24	6.886000
2019-07-23	6.881800
2019-07-22	6.875900
2019-07-19	6.863500
2019-07-18	6.876100
2019-07-17	6.882700
2019-07-16	6.871000
2019-07-15	6.867700
2019-07-12	6.866200
2019-07-11	6.867700
2019-07-10	6.885600
2019-07-09	6.885300
2019-07-08	6.888100
2019-07-05	6.869700
2019-07-04	6.870500
2019-07-03	6.864000
2019-07-02	6.851300
2019-07-01	6.871600
2019-06-28	6.874700
2019-06-27	6.877800
2019-06-26	6.870100
2019-06-25	6.858000
2019-06-24	6.850300
2019-06-21	6.847200
2019-06-20	6.880500
2019-06-19	6.889300
2019-06-18	6.894200
2019-06-17	6.894000
2019-06-14	6.893700
2019-06-13	6.893400
2019-06-12	6.893200
2019-06-11	6.893000
2019-06-10	6.892500
2019-06-06	6.894500
2019-06-05	6.890300
2019-06-04	6.882200
2019-06-03	6.889600
2019-05-31	6.899200
2019-05-30	6.899000
2019-05-29	6.898800
2019-05-28	6.897300
2019-05-27	6.892400
2019-05-24	6.899300
2019-05-23	6.899400
2019-05-22	6.899200
2019-05-21	6.899000
2019-05-20	6.898800
2019-05-17	6.885900
2019-05-16	6.868800
2019-05-15	6.864900
2019-05-14	6.836500
2019-05-13	6.795400
2019-05-10	6.791200
2019-05-09	6.766500
2019-05-08	6.759600
2019-05-07	6.761400
2019-05-06	6.734400
2019-04-30	6.728600
2019-04-29	6.731000
2019-04-26	6.730700
2019-04-25	6.730700
2019-04-24	6.720500
2019-04-23	6.708200
2019-04-22	6.703500
2019-04-19	6.704300
2019-04-18	6.691100
2019-04-17	6.711000
2019-04-16	6.709700
2019-04-15	6.711200
2019-04-12	6.722000
2019-04-11	6.708800
2019-04-10	6.711000
2019-04-09	6.714200
2019-04-08	6.720100
2019-04-04	6.705500
2019-04-03	6.719400
2019-04-02	6.716100
2019-04-01	6.719300
2019-03-29	6.733500
2019-03-28	6.726300
2019-03-27	6.714100
2019-03-26	6.704200
2019-03-25	6.709800
2019-03-22	6.694400
2019-03-21	6.685000
2019-03-20	6.710100
2019-03-19	6.706200
2019-03-18	6.708800
2019-03-15	6.716700
2019-03-14	6.700900
2019-03-13	6.711400
2019-03-12	6.712800
2019-03-11	6.720200
2019-03-08	6.723500
2019-03-07	6.711000
2019-03-06	6.705300
2019-03-05	6.699800
2019-03-04	6.704900
2019-03-01	6.695700
2019-02-28	6.690100
2019-02-27	6.685700
2019-02-26	6.695200
2019-02-25	6.713100
2019-02-22	6.715100
2019-02-21	6.722000
2019-02-20	6.755800
2019-02-19	6.764200
2019-02-18	6.765900
2019-02-15	6.762300
2019-02-14	6.774400
2019-02-13	6.767500
2019-02-12	6.776500
2019-02-11	6.749500
2019-02-01	6.708100
2019-01-31	6.702500
2019-01-30	6.734300
2019-01-29	6.735600
2019-01-28	6.747200
2019-01-25	6.794100
2019-01-24	6.780200
2019-01-23	6.796900
2019-01-22	6.785400
2019-01-21	6.777400
2019-01-18	6.766500
2019-01-17	6.759200
2019-01-16	6.761500
2019-01-15	6.754200
2019-01-14	6.756000
2019-01-11	6.790900
2019-01-10	6.816000
2019-01-09	6.852600
2019-01-08	6.840200
2019-01-07	6.851700
2019-01-04	6.858600
2019-01-03	6.863100
2019-01-02	6.848200
2018-12-28	6.863200
2018-12-27	6.889400
2018-12-26	6.884500
2018-12-25	6.891900
2018-12-24	6.900600
2018-12-21	6.882500
2018-12-20	6.893600
2018-12-19	6.886900
2018-12-18	6.885400
2018-12-17	6.890800
2018-12-14	6.875000
2018-12-13	6.876900
2018-12-12	6.906400
2018-12-11	6.899600
2018-12-10	6.869300
2018-12-07	6.866400
2018-12-06	6.859900
2018-12-05	6.847600
2018-12-04	6.893900
2018-12-03	6.943100
2018-11-30	6.935700
2018-11-29	6.935300
2018-11-28	6.950000
2018-11-27	6.946300
2018-11-26	6.945300
2018-11-23	6.930600
2018-11-22	6.939100
2018-11-21	6.944900
2018-11-20	6.928000
2018-11-19	6.924500
2018-11-16	6.937700
2018-11-15	6.939200
2018-11-14	6.940200
2018-11-13	6.962900
2018-11-12	6.947600
2018-11-09	6.932900
2018-11-08	6.916300
2018-11-07	6.906500
2018-11-06	6.907500
2018-11-05	6.897600
2018-11-02	6.937100
2018-11-01	6.967000
2018-10-31	6.964600
2018-10-30	6.957400
2018-10-29	6.937700
2018-10-26	6.951000
2018-10-25	6.940900
2018-10-24	6.935700
2018-10-23	6.933800
2018-10-22	6.923600
2018-10-19	6.938700
2018-10-18	6.927500
2018-10-17	6.910300
2018-10-16	6.911900
2018-10-15	6.915400
2018-10-12	6.912000
2018-10-11	6.909800
2018-10-10	6.907200
2018-10-09	6.901900
2018-10-08	6.895700
2018-09-28	6.879200
2018-09-27	6.864200
2018-09-26	6.857100
2018-09-25	6.844000
2018-09-21	6.835700
2018-09-20	6.853000
2018-09-19	6.856900
2018-09-18	6.855400
2018-09-17	6.850900
2018-09-14	6.836200
2018-09-13	6.848800
2018-09-12	6.854600
2018-09-11	6.848800
2018-09-10	6.838900
2018-09-07	6.821200
2018-09-06	6.821700
2018-09-05	6.826600
2018-09-04	6.818300
2018-09-03	6.834700
2018-08-31	6.824600
2018-08-30	6.811300
2018-08-29	6.807200
2018-08-28	6.805200
2018-08-27	6.850800
2018-08-24	6.871000
2018-08-23	6.836700
2018-08-22	6.827100
2018-08-21	6.836000
2018-08-20	6.871800
2018-08-17	6.889400
2018-08-16	6.894600
2018-08-15	6.885600
2018-08-14	6.869500
2018-08-13	6.862900
2018-08-10	6.839500
2018-08-09	6.831700
2018-08-08	6.831300
2018-08-07	6.843100
2018-08-06	6.851300
2018-08-03	6.832200
2018-08-02	6.794200
2018-08-01	6.829300
2018-07-31	6.816500
2018-07-30	6.813100
2018-07-27	6.794200
2018-07-26	6.766200
2018-07-25	6.804000
2018-07-24	6.789100
2018-07-23	6.759300
2018-07-20	6.767100
2018-07-19	6.706600
2018-07-18	6.691400
2018-07-17	6.682100
2018-07-16	6.675800
2018-07-13	6.672700
2018-07-12	6.672600
2018-07-11	6.623400
2018-07-10	6.625900
2018-07-09	6.639300
2018-07-06	6.633600
2018-07-05	6.618000
2018-07-04	6.659500
2018-07-03	6.649700
2018-07-02	6.615700
2018-06-29	6.616600
2018-06-28	6.596000
2018-06-27	6.556900
2018-06-26	6.518000
2018-06-25	6.489300
2018-06-22	6.480400
2018-06-21	6.470600
2018-06-20	6.458600
2018-06-19	6.423500
2018-06-15	6.430600
2018-06-14	6.396200
2018-06-13	6.415600
2018-06-12	6.412100
2018-06-11	6.406400
2018-06-08	6.400300
2018-06-07	6.391900
2018-06-06	6.404000
2018-06-05	6.415700
2018-06-04	6.420800
2018-06-01	6.407800
2018-05-31	6.414400
2018-05-30	6.420700
2018-05-29	6.402100
2018-05-28	6.396200
2018-05-25	6.386700
2018-05-24	6.381600
2018-05-23	6.377300
2018-05-22	6.379900
2018-05-21	6.385200
2018-05-18	6.376300
2018-05-17	6.367900
2018-05-16	6.374500
2018-05-15	6.348600
2018-05-14	6.334500
2018-05-11	6.352400
2018-05-10	6.376800
2018-05-09	6.373300
2018-05-08	6.367400
2018-05-07	6.358400
2018-05-04	6.352100
2018-05-03	6.373200
2018-05-02	6.367000
2018-04-27	6.339300
2018-04-26	6.328300
2018-04-25	6.306600
2018-04-24	6.322900
2018-04-23	6.303400
2018-04-20	6.289700
2018-04-19	6.283200
2018-04-18	6.281700
2018-04-17	6.277100
2018-04-16	6.288400
2018-04-13	6.289800
2018-04-12	6.283400
2018-04-11	6.291100
2018-04-10	6.307100
2018-04-09	6.311400
2018-04-04	6.292600
2018-04-03	6.283300
2018-04-02	6.276400
2018-03-30	6.288100
2018-03-29	6.304600
2018-03-28	6.278500
2018-03-27	6.281600
2018-03-26	6.319300
2018-03-23	6.327200
2018-03-22	6.316700
2018-03-21	6.339600
2018-03-20	6.324600
2018-03-19	6.332000
2018-03-16	6.334000
2018-03-15	6.314100
2018-03-14	6.320500
2018-03-13	6.321800
2018-03-12	6.333300
2018-03-09	6.345100
2018-03-08	6.323900
2018-03-07	6.329400
2018-03-06	6.338600
2018-03-05	6.343100
2018-03-02	6.333400
2018-03-01	6.335200
2018-02-28	6.329400
2018-02-27	6.314600
2018-02-26	6.337800
2018-02-23	6.348200
2018-02-22	6.353000
2018-02-14	6.342800
2018-02-13	6.324700
2018-02-12	6.300100
2018-02-09	6.319400
2018-02-08	6.282200
2018-02-07	6.288200
2018-02-06	6.307200
2018-02-05	6.301900
2018-02-02	6.288500
2018-02-01	6.304500
2018-01-31	6.333900
2018-01-30	6.331200
2018-01-29	6.326700
2018-01-26	6.372400
2018-01-25	6.372400
2018-01-24	6.391600
2018-01-23	6.400900
2018-01-22	6.411200
2018-01-19	6.416900
2018-01-18	6.440100
2018-01-17	6.433500
2018-01-16	6.437200
2018-01-15	6.457400
2018-01-12	6.493200
2018-01-11	6.514700
2018-01-10	6.520700
2018-01-09	6.496800
2018-01-08	6.483200
2018-01-05	6.491500
2018-01-04	6.504300
2018-01-03	6.492000
2018-01-02	6.507900
2017-12-29	6.534200
2017-12-28	6.541200
2017-12-27	6.542100
2017-12-26	6.541600
2017-12-25	6.568300
2017-12-22	6.582100
2017-12-21	6.579500
2017-12-20	6.606600
2017-12-19	6.609800
2017-12-18	6.616200
2017-12-15	6.611300
2017-12-14	6.603300
2017-12-13	6.625100
2017-12-12	6.616200
2017-12-11	6.615200
2017-12-08	6.621800
2017-12-07	6.619500
2017-12-06	6.616300
2017-12-05	6.611300
2017-12-04	6.610500
2017-12-01	6.606700
2017-11-30	6.603400
2017-11-29	6.601100
2017-11-28	6.594400
2017-11-27	6.587400
2017-11-24	6.581000
2017-11-23	6.602100
2017-11-22	6.629000
2017-11-21	6.635600
2017-11-20	6.627100
2017-11-17	6.627700
2017-11-16	6.628600
2017-11-15	6.626300
2017-11-14	6.639900
2017-11-13	6.634700
2017-11-10	6.628200
2017-11-09	6.632500
2017-11-08	6.627700
2017-11-07	6.621600
2017-11-06	6.624700
2017-11-03	6.607200
2017-11-02	6.619600
2017-11-01	6.630000
2017-10-31	6.639700
2017-10-30	6.648700
2017-10-27	6.647300
2017-10-26	6.628800
2017-10-25	6.632200
2017-10-24	6.626800
2017-10-23	6.620500
2017-10-20	6.609200
2017-10-19	6.609300
2017-10-18	6.599100
2017-10-17	6.588300
2017-10-16	6.583900
2017-10-13	6.586600
2017-10-12	6.580800
2017-10-11	6.584100
2017-10-10	6.627300
2017-10-09	6.649300
2017-09-29	6.636900
2017-09-28	6.628500
2017-09-27	6.619200
2017-09-26	6.607600
2017-09-25	6.594500
2017-09-22	6.586100
2017-09-21	6.586700
2017-09-20	6.567000
2017-09-19	6.553000
2017-09-18	6.541900
2017-09-15	6.542300
2017-09-14	6.546500
2017-09-13	6.538200
2017-09-12	6.527700
2017-09-11	6.499700
2017-09-08	6.503200
2017-09-07	6.526900
2017-09-06	6.531100
2017-09-05	6.537000
2017-09-04	6.566800
2017-09-01	6.590900
2017-08-31	6.601000
2017-08-30	6.610200
2017-08-29	6.629300
2017-08-28	6.635300
2017-08-25	6.657900
2017-08-24	6.652500
2017-08-23	6.663300
2017-08-22	6.659700
2017-08-21	6.670900
2017-08-18	6.674400
2017-08-17	6.670900
2017-08-16	6.677900
2017-08-15	6.668900
2017-08-14	6.660100
2017-08-11	6.664200
2017-08-10	6.677000
2017-08-09	6.707500
2017-08-08	6.718400
2017-08-07	6.722800
2017-08-04	6.713200
2017-08-03	6.721100
2017-08-02	6.720500
2017-08-01	6.714800
2017-07-31	6.728300
2017-07-28	6.737300
2017-07-27	6.730700
2017-07-26	6.752900
2017-07-25	6.748500
2017-07-24	6.741000
2017-07-21	6.741500
2017-07-20	6.746400
2017-07-19	6.745100
2017-07-18	6.761100
2017-07-17	6.756200
2017-07-14	6.777400
2017-07-13	6.780200
2017-07-12	6.786800
2017-07-11	6.798300
2017-07-10	6.796400
2017-07-07	6.791400
2017-07-06	6.795300
2017-07-05	6.792200
2017-07-04	6.788900
2017-07-03	6.777200
2017-06-30	6.774400
2017-06-29	6.794000
2017-06-28	6.805300
2017-06-27	6.829200
2017-06-26	6.822000
2017-06-23	6.823800
2017-06-22	6.819700
2017-06-21	6.819300
2017-06-20	6.809600
2017-06-19	6.797200
2017-06-16	6.799500
2017-06-15	6.785200
2017-06-14	6.793900
2017-06-13	6.795400
2017-06-12	6.794800
2017-06-09	6.797100
2017-06-08	6.793000
2017-06-07	6.785800
2017-06-06	6.793400
2017-06-05	6.793500
2017-06-02	6.807000
2017-06-01	6.809000
2017-05-31	6.863300
2017-05-26	6.869800
2017-05-25	6.869500
2017-05-24	6.875800
2017-05-23	6.866100
2017-05-22	6.867300
2017-05-19	6.878600
2017-05-18	6.861200
2017-05-17	6.863500
2017-05-16	6.879000
2017-05-15	6.885200
2017-05-12	6.894800
2017-05-11	6.905100
2017-05-10	6.906600
2017-05-09	6.903700
2017-05-08	6.894700
2017-05-05	6.888400
2017-05-04	6.895700
2017-05-03	6.889200
2017-05-02	6.895600
2017-04-28	6.893100
2017-04-27	6.889600
2017-04-26	6.886200
2017-04-25	6.883300
2017-04-24	6.867300
2017-04-21	6.882300
2017-04-20	6.879200
2017-04-19	6.866400
2017-04-18	6.884900
2017-04-17	6.878500
2017-04-14	6.874000
2017-04-13	6.865100
2017-04-12	6.894000
2017-04-11	6.895700
2017-04-10	6.904200
2017-04-07	6.894900
2017-04-06	6.893000
2017-04-05	6.890600
2017-03-31	6.899300
2017-03-30	6.888900
2017-03-29	6.891500
2017-03-28	6.878200
2017-03-27	6.870100
2017-03-24	6.884500
2017-03-23	6.885600
2017-03-22	6.888900
2017-03-21	6.907100
2017-03-20	6.899800
2017-03-17	6.887300
2017-03-16	6.886200
2017-03-15	6.911500
2017-03-14	6.911800
2017-03-13	6.898800
2017-03-10	6.912300
2017-03-09	6.912500
2017-03-08	6.903200
2017-03-07	6.895700
2017-03-06	6.879000
2017-03-03	6.889600
2017-03-02	6.880900
2017-03-01	6.879800
2017-02-28	6.875000
2017-02-27	6.881400
2017-02-24	6.865500
2017-02-23	6.869500
2017-02-22	6.883000
2017-02-21	6.879000
2017-02-20	6.874300
2017-02-17	6.845600
2017-02-16	6.862900
2017-02-15	6.863200
2017-02-14	6.880600
2017-02-13	6.889800
2017-02-10	6.881900
2017-02-09	6.871000
2017-02-08	6.884900
2017-02-07	6.860400
2017-02-06	6.860600
2017-02-03	6.855600
2017-01-26	6.858800
2017-01-25	6.859600
2017-01-24	6.833100
2017-01-23	6.857200
2017-01-20	6.869300
2017-01-19	6.856800
2017-01-18	6.852500
2017-01-17	6.899200
2017-01-16	6.887400
2017-01-13	6.890900
2017-01-12	6.914100
2017-01-11	6.923500
2017-01-10	6.923400
2017-01-09	6.926200
2017-01-06	6.866800
2017-01-05	6.930700
2017-01-04	6.952600
2017-01-03	6.949800
2016-12-30	6.937000
2016-12-29	6.949700
2016-12-28	6.949500
2016-12-27	6.946200
2016-12-26	6.945900
2016-12-23	6.946300
2016-12-22	6.943500
2016-12-21	6.948900
2016-12-20	6.946800
2016-12-19	6.931200
2016-12-16	6.950800
2016-12-15	6.928900
2016-12-14	6.902800
2016-12-13	6.893400
2016-12-12	6.908600
2016-12-09	6.897200
2016-12-08	6.873100
2016-12-07	6.880800
2016-12-06	6.857500
2016-12-05	6.887000
2016-12-02	6.879400
2016-12-01	6.895800
2016-11-30	6.886500
2016-11-29	6.888900
2016-11-28	6.904200
2016-11-25	6.916800
2016-11-24	6.908500
2016-11-23	6.890400
2016-11-22	6.877900
2016-11-21	6.898500
2016-11-18	6.879600
2016-11-17	6.869200
2016-11-16	6.859200
2016-11-15	6.849500
2016-11-14	6.829100
2016-11-11	6.811500
2016-11-10	6.788500
2016-11-09	6.783200
2016-11-08	6.781700
2016-11-07	6.772500
2016-11-04	6.751400
2016-11-03	6.749100
2016-11-02	6.756200
2016-11-01	6.773400
2016-10-31	6.764100
2016-10-28	6.785800
2016-10-27	6.773600
2016-10-26	6.770500
2016-10-25	6.774400
2016-10-24	6.769000
2016-10-21	6.755800
2016-10-20	6.731100
2016-10-19	6.732600
2016-10-18	6.730300
2016-10-17	6.737900
2016-10-14	6.715700
2016-10-13	6.729600
2016-10-12	6.725800
2016-10-11	6.709800
2016-10-10	6.700800
2016-09-30	6.677800
2016-09-29	6.670000
2016-09-28	6.668100
2016-09-27	6.664600
2016-09-26	6.674400
2016-09-23	6.667000
2016-09-22	6.651300
2016-09-21	6.673800
2016-09-20	6.659500
2016-09-19	6.678600
2016-09-14	6.689500
2016-09-13	6.672600
2016-09-12	6.690800
2016-09-09	6.668400
2016-09-08	6.662000
2016-09-07	6.655500
2016-09-06	6.667600
2016-09-05	6.687300
2016-09-02	6.672700
2016-09-01	6.678400
2016-08-31	6.690800
2016-08-30	6.681200
2016-08-29	6.685600
2016-08-26	6.648800
2016-08-25	6.660200
2016-08-24	6.642000
2016-08-23	6.658600
2016-08-22	6.665200
2016-08-19	6.621100
2016-08-18	6.627300
2016-08-17	6.605600
2016-08-16	6.630500
2016-08-15	6.643000
2016-08-12	6.654300
2016-08-11	6.625500
2016-08-10	6.653000
2016-08-09	6.659400
2016-08-08	6.661500
2016-08-05	6.640600
2016-08-04	6.644400
2016-08-03	6.619500
2016-08-02	6.645100
2016-08-01	6.627700
2016-07-29	6.651100
2016-07-28	6.659700
2016-07-27	6.667100
2016-07-26	6.677800
2016-07-25	6.686000
2016-07-22	6.666900
2016-07-21	6.687200
2016-07-20	6.694600
2016-07-19	6.697100
2016-07-18	6.696100
2016-07-15	6.680500
2016-07-14	6.684600
2016-07-13	6.689100
2016-07-12	6.695000
2016-07-11	6.684300
2016-07-08	6.685300
2016-07-07	6.682000
2016-07-06	6.685700
2016-07-05	6.659400
2016-07-04	6.647200
2016-07-01	6.649600
2016-06-30	6.631200
2016-06-29	6.632400
2016-06-28	6.652800
2016-06-27	6.637500
2016-06-24	6.577600
2016-06-23	6.565800
2016-06-22	6.593500
2016-06-21	6.565600
2016-06-20	6.570800
2016-06-17	6.579500
2016-06-16	6.573900
2016-06-15	6.600100
2016-06-14	6.579100
2016-06-13	6.580500
2016-06-08	6.559300
2016-06-07	6.561800
2016-06-06	6.549700
2016-06-03	6.579300
2016-06-02	6.568800
2016-06-01	6.588900
2016-05-31	6.579000
2016-05-30	6.578400
2016-05-27	6.549000
2016-05-26	6.555200
2016-05-25	6.569300
2016-05-24	6.546800
2016-05-23	6.545500
2016-05-20	6.551000
2016-05-19	6.553100
2016-05-18	6.521600
2016-05-17	6.520000
2016-05-16	6.534300
2016-05-13	6.524600
2016-05-12	6.495900
2016-05-11	6.520900
2016-05-10	6.523300
2016-05-09	6.510500
2016-05-06	6.520200
2016-05-05	6.512800
2016-05-04	6.494300
2016-05-03	6.456500
2016-04-29	6.458900
2016-04-28	6.495400
2016-04-27	6.483700
2016-04-26	6.488200
2016-04-25	6.512000
2016-04-22	6.489800
2016-04-21	6.480300
2016-04-20	6.457900
2016-04-19	6.470000
2016-04-18	6.478700
2016-04-15	6.490800
2016-04-14	6.489100
2016-04-13	6.459100
2016-04-12	6.461600
2016-04-11	6.464900
2016-04-08	6.473300
2016-04-07	6.470700
2016-04-06	6.475400
2016-04-05	6.466300
2016-04-01	6.458500
2016-03-31	6.461200
2016-03-30	6.484100
2016-03-29	6.506000
2016-03-28	6.523200
2016-03-25	6.522300
2016-03-24	6.515000
2016-03-23	6.493600
2016-03-22	6.497100
2016-03-21	6.482400
2016-03-18	6.462800
2016-03-17	6.496100
2016-03-16	6.517200
2016-03-15	6.507900
2016-03-14	6.491300
2016-03-11	6.490500
2016-03-10	6.512700
2016-03-09	6.510600
2016-03-08	6.504100
2016-03-07	6.511300
2016-03-04	6.528400
2016-03-03	6.541200
2016-03-02	6.549000
2016-03-01	6.538500
2016-02-29	6.545200
2016-02-26	6.533800
2016-02-25	6.531800
2016-02-24	6.530200
2016-02-23	6.527300
2016-02-22	6.516500
2016-02-19	6.518600
2016-02-18	6.515200
2016-02-17	6.523700
2016-02-16	6.513000
2016-02-15	6.511800
2016-02-05	6.531400
2016-02-04	6.541900
2016-02-03	6.552100
2016-02-02	6.551000
2016-02-01	6.553900
2016-01-29	6.551600
2016-01-28	6.552800
2016-01-27	6.553300
2016-01-26	6.554800
2016-01-25	6.555700
2016-01-22	6.557200
2016-01-21	6.558500
2016-01-20	6.557800
2016-01-19	6.559600
2016-01-18	6.559000
2016-01-15	6.563700
2016-01-14	6.561600
2016-01-13	6.563000
2016-01-12	6.562800
2016-01-11	6.562600
2016-01-08	6.563600
2016-01-07	6.564600
2016-01-06	6.531400
2016-01-05	6.516900
2016-01-04	6.503200
2015-12-31	6.493600
2015-12-30	6.489500
2015-12-29	6.486400
2015-12-28	6.475000
2015-12-25	6.471300
2015-12-24	6.475500
2015-12-23	6.473100
2015-12-22	6.474600
2015-12-21	6.475300
2015-12-18	6.481400
2015-12-17	6.475700
2015-12-16	6.462600
2015-12-15	6.455900
2015-12-14	6.449500
2015-12-11	6.435800
2015-12-10	6.423600
2015-12-09	6.414000
2015-12-08	6.407800
2015-12-07	6.398500
2015-12-04	6.385100
2015-12-03	6.398200
2015-12-02	6.395800
2015-12-01	6.397300
2015-11-30	6.396200
2015-11-27	6.391500
2015-11-26	6.389600
2015-11-25	6.387700
2015-11-24	6.388800
2015-11-23	6.386700
2015-11-20	6.378000
2015-11-19	6.379100
2015-11-18	6.379600
2015-11-17	6.374000
2015-11-16	6.375000
2015-11-13	6.365500
2015-11-12	6.362800
2015-11-11	6.361400
2015-11-10	6.360200
2015-11-09	6.357800
2015-11-06	6.345900
2015-11-05	6.338100
2015-11-04	6.334300
2015-11-03	6.331000
2015-11-02	6.315400
2015-10-30	6.349500
2015-10-29	6.359600
2015-10-28	6.353600
2015-10-27	6.349400
2015-10-26	6.354900
2015-10-23	6.359500
2015-10-22	6.349700
2015-10-21	6.347300
2015-10-20	6.361400
2015-10-19	6.352700
2015-10-16	6.343600
2015-10-15	6.340200
2015-10-14	6.340800
2015-10-13	6.323100
2015-10-12	6.340600
2015-10-09	6.349300
2015-10-08	6.350500
2015-09-30	6.361300
2015-09-29	6.366000
2015-09-28	6.372900
2015-09-25	6.378500
2015-09-24	6.379100
2015-09-23	6.377300
2015-09-22	6.372100
2015-09-21	6.367600
2015-09-18	6.360700
2015-09-17	6.367000
2015-09-16	6.371200
2015-09-15	6.366500
2015-09-14	6.370900
2015-09-11	6.371900
2015-09-10	6.377200
2015-09-09	6.363200
2015-09-08	6.363900
2015-09-07	6.358400
2015-09-02	6.361900
2015-09-01	6.375200
2015-08-31	6.389300
2015-08-28	6.398600
2015-08-27	6.408500
2015-08-26	6.404300
2015-08-25	6.398700
2015-08-24	6.386200
2015-08-21	6.386400
2015-08-20	6.391500
2015-08-19	6.396300
2015-08-18	6.396600
2015-08-17	6.396900
2015-08-14	6.397500
2015-08-13	6.401000
2015-08-12	6.330600
2015-08-11	6.229800
2015-08-10	6.116200
2015-08-07	6.117400
2015-08-06	6.118100
2015-08-05	6.117700
2015-08-04	6.117700
2015-08-03	6.116900
2015-07-31	6.117200
2015-07-30	6.116500
2015-07-29	6.115000
2015-07-28	6.115400
2015-07-27	6.117600
2015-07-24	6.116900
2015-07-23	6.117200
2015-07-22	6.116800
2015-07-21	6.119900
2015-07-20	6.119700
2015-07-17	6.119200
2015-07-16	6.117300
2015-07-15	6.115200
2015-07-14	6.116500
2015-07-13	6.113300
2015-07-10	6.115300
2015-07-09	6.115100
2015-07-08	6.117500
2015-07-07	6.116600
2015-07-06	6.117200
2015-07-03	6.116000
2015-07-02	6.117100
2015-07-01	6.114900
2015-06-30	6.113600
2015-06-29	6.116800
2015-06-26	6.113700
2015-06-25	6.114800
2015-06-24	6.114200
2015-06-23	6.111900
2015-06-19	6.110400
2015-06-18	6.112600
2015-06-17	6.115800
2015-06-16	6.115500
2015-06-15	6.116900
2015-06-12	6.116700
2015-06-11	6.115000
2015-06-10	6.117300
2015-06-09	6.117900
2015-06-08	6.120500
2015-06-05	6.118100
2015-06-04	6.116400
2015-06-03	6.117600
2015-06-02	6.122500
2015-06-01	6.120700
2015-05-29	6.119600
2015-05-28	6.120200
2015-05-27	6.119800
2015-05-26	6.117200
2015-05-25	6.116500
2015-05-22	6.113100
2015-05-21	6.113900
2015-05-20	6.112500
2015-05-19	6.109800
2015-05-18	6.107900
2015-05-15	6.108500
2015-05-14	6.109300
2015-05-13	6.112300
2015-05-12	6.115500
2015-05-11	6.113200
2015-05-08	6.114700
2015-05-07	6.111300
2015-05-06	6.115600
2015-05-05	6.118000
2015-05-04	6.116500
2015-04-30	6.113700
2015-04-29	6.116900
2015-04-28	6.120900
2015-04-27	6.122000
2015-04-24	6.124100
2015-04-23	6.128100
2015-04-22	6.129000
2015-04-21	6.128000
2015-04-20	6.125500
2015-04-17	6.126700
2015-04-16	6.130500
2015-04-15	6.134000
2015-04-14	6.140700
2015-04-13	6.139500
2015-04-10	6.137000
2015-04-09	6.133800
2015-04-08	6.134500
2015-04-07	6.130500
2015-04-03	6.134800
2015-04-02	6.139600
2015-04-01	6.143400
2015-03-31	6.142200
2015-03-30	6.140200
2015-03-27	6.139700
2015-03-26	6.137500
2015-03-25	6.141000
2015-03-24	6.139800
2015-03-23	6.144800
2015-03-20	6.149600
2015-03-19	6.146000
2015-03-18	6.155600
2015-03-17	6.158500
2015-03-16	6.161500
2015-03-13	6.158800
2015-03-12	6.161700
2015-03-11	6.159700
2015-03-10	6.157200
2015-03-09	6.156300
2015-03-06	6.153300
2015-03-05	6.152800
2015-03-04	6.152500
2015-03-03	6.154300
2015-03-02	6.151300
2015-02-27	6.147500
2015-02-26	6.137900
2015-02-25	6.138400
2015-02-17	6.133000
2015-02-16	6.127300
2015-02-13	6.128800
2015-02-12	6.133300
2015-02-11	6.131500
2015-02-10	6.129500
2015-02-09	6.131100
2015-02-06	6.126100
2015-02-05	6.136600
2015-02-04	6.131800
2015-02-03	6.136900
2015-02-02	6.138500
2015-01-30	6.137000
2015-01-29	6.133500
2015-01-28	6.128200
2015-01-27	6.136400
2015-01-26	6.138400
2015-01-23	6.134200
2015-01-22	6.124700
2015-01-21	6.126800
2015-01-20	6.122600
2015-01-19	6.123000
2015-01-16	6.118800
2015-01-15	6.119300
2015-01-14	6.120500
2015-01-13	6.119500
2015-01-12	6.123300
2015-01-09	6.129600
2015-01-08	6.130200
2015-01-07	6.126900
2015-01-06	6.125600
2015-01-05	6.124800
2014-12-31	6.119000
2014-12-30	6.122400
2014-12-29	6.120500
2014-12-26	6.118600
2014-12-25	6.121300
2014-12-24	6.124700
2014-12-23	6.123000
2014-12-22	6.122000
2014-12-19	6.120500
2014-12-18	6.119500
2014-12-17	6.113700
2014-12-16	6.118200
2014-12-15	6.115200
2014-12-12	6.118400
2014-12-11	6.115300
2014-12-10	6.119500
2014-12-09	6.123100
2014-12-08	6.128200
2014-12-05	6.137300
2014-12-04	6.141100
2014-12-03	6.137600
2014-12-02	6.132500
2014-12-01	6.136900
2014-11-28	6.134500
2014-11-27	6.132000
2014-11-26	6.135400
2014-11-25	6.139000
2014-11-24	6.142000
2014-11-21	6.138700
2014-11-20	6.141700
2014-11-19	6.139700
2014-11-18	6.143000
2014-11-17	6.140900
2014-11-14	6.139900
2014-11-13	6.141800
2014-11-12	6.142800
2014-11-11	6.141300
2014-11-10	6.137700
2014-11-07	6.160200
2014-11-06	6.156500
2014-11-05	6.150300
2014-11-04	6.154300
2014-11-03	6.152500
2014-10-31	6.146100
2014-10-30	6.145700
2014-10-29	6.140500
2014-10-28	6.142100
2014-10-27	6.144600
2014-10-24	6.146700
2014-10-23	6.145900
2014-10-22	6.143700
2014-10-21	6.141000
2014-10-20	6.143500
2014-10-17	6.140700
2014-10-16	6.139500
2014-10-15	6.145500
2014-10-14	6.140800
2014-10-13	6.144600
2014-10-10	6.147000
2014-10-09	6.146100
2014-10-08	6.149300
2014-09-30	6.152500
2014-09-29	6.153900
2014-09-26	6.150800
2014-09-25	6.149700
2014-09-24	6.146200
2014-09-23	6.147000
2014-09-22	6.148500
2014-09-19	6.145500
2014-09-18	6.149000
2014-09-17	6.145000
2014-09-16	6.146200
2014-09-15	6.145200
2014-09-12	6.146800
2014-09-11	6.145300
2014-09-10	6.142500
2014-09-09	6.152000
2014-09-05	6.170700
2014-09-04	6.166600
2014-09-03	6.169700
2014-09-02	6.168400
2014-09-01	6.168000
2014-08-29	6.164700
2014-08-28	6.163800
2014-08-27	6.165800
2014-08-26	6.166300
2014-08-25	6.165300
2014-08-22	6.161700
2014-08-21	6.163200
2014-08-20	6.158000
2014-08-19	6.154800
2014-08-18	6.152800
2014-08-15	6.153800
2014-08-14	6.154500
2014-08-13	6.153300
2014-08-12	6.151700
2014-08-11	6.152200
2014-08-08	6.156200
2014-08-07	6.167000
2014-08-06	6.168100
2014-08-05	6.165500
2014-08-04	6.166100
2014-08-01	6.168100
2014-07-31	6.167500
2014-07-30	6.164500
2014-07-29	6.161500
2014-07-28	6.162200
2014-07-25	6.159700
2014-07-24	6.157900
2014-07-23	6.157200
2014-07-22	6.154400
2014-07-21	6.154700
2014-07-18	6.156800
2014-07-17	6.156400
2014-07-16	6.153500
2014-07-15	6.149000
2014-07-14	6.148500
2014-07-11	6.146900
2014-07-10	6.144300
2014-07-09	6.156500
2014-07-08	6.162600
2014-07-07	6.165800
2014-07-04	6.164200
2014-07-03	6.158100
2014-07-02	6.154900
2014-07-01	6.152300
2014-06-30	6.152800
2014-06-27	6.154300
2014-06-26	6.153800
2014-06-25	6.155500
2014-06-24	6.154500
2014-06-23	6.155700
2014-06-20	6.152400
2014-06-19	6.153100
2014-06-18	6.155900
2014-06-17	6.152900
2014-06-16	6.153700
2014-06-13	6.150300
2014-06-12	6.151600
2014-06-11	6.150600
2014-06-10	6.145100
2014-06-09	6.148500
2014-06-06	6.162300
2014-06-05	6.170800
2014-06-04	6.169300
2014-06-03	6.171000
2014-05-30	6.169500
2014-05-29	6.170500
2014-05-28	6.169400
2014-05-27	6.168700
2014-05-26	6.169900
2014-05-23	6.168100
2014-05-22	6.165800
2014-05-21	6.164500
2014-05-20	6.162600
2014-05-19	6.163600
2014-05-16	6.162800
2014-05-15	6.164000
2014-05-14	6.165300
2014-05-13	6.163600
2014-05-12	6.162500
2014-05-09	6.158100
2014-05-08	6.155700
2014-05-07	6.154200
2014-05-06	6.156500
2014-05-05	6.156000
2014-04-30	6.158000
2014-04-29	6.155600
2014-04-28	6.156500
2014-04-25	6.157600
2014-04-24	6.158900
2014-04-23	6.159900
2014-04-22	6.161000
2014-04-21	6.159100
2014-04-18	6.158600
2014-04-17	6.157500
2014-04-16	6.158900
2014-04-15	6.157100
2014-04-14	6.153100
2014-04-11	6.149500
2014-04-10	6.151000
2014-04-09	6.149000
2014-04-08	6.152700
2014-04-04	6.155700
2014-04-03	6.152000
2014-04-02	6.149300
2014-04-01	6.150300
2014-03-31	6.152100
2014-03-28	6.146500
2014-03-27	6.146500
2014-03-26	6.144000
2014-03-25	6.142600
2014-03-24	6.145200
2014-03-21	6.147500
2014-03-20	6.146000
2014-03-19	6.135100
2014-03-18	6.134100
2014-03-17	6.132100
2014-03-14	6.134600
2014-03-13	6.132000
2014-03-12	6.134300
2014-03-11	6.132700
2014-03-10	6.131200
2014-03-07	6.120100
2014-03-06	6.124900
2014-03-05	6.125700
2014-03-04	6.123600
2014-03-03	6.119000
2014-02-28	6.121400
2014-02-27	6.122400
2014-02-26	6.119200
2014-02-25	6.118400
2014-02-24	6.118900
2014-02-21	6.117600
2014-02-20	6.114600
2014-02-19	6.110300
2014-02-18	6.107300
2014-02-17	6.105300
2014-02-14	6.107000
2014-02-13	6.110000
2014-02-12	6.107800
2014-02-11	6.106900
2014-02-10	6.108300
2014-02-07	6.108900
2014-01-30	6.105000
2014-01-29	6.107300
2014-01-28	6.105300
2014-01-27	6.102200
2014-01-24	6.103500
2014-01-23	6.110700
2014-01-22	6.108700
2014-01-21	6.106600
2014-01-20	6.108300
2014-01-17	6.104100
2014-01-16	6.106500
2014-01-15	6.100500
2014-01-14	6.093000
2014-01-13	6.095000
2014-01-10	6.100800
2014-01-09	6.110900
2014-01-08	6.107900
2014-01-07	6.104200
2014-01-06	6.105900
2014-01-03	6.103900
2014-01-02	6.099000
2013-12-31	6.096900
2013-12-30	6.102400
2013-12-27	6.105000
2013-12-26	6.115600
2013-12-25	6.116000
2013-12-24	6.114500
2013-12-23	6.116100
2013-12-20	6.119600
2013-12-19	6.118300
2013-12-18	6.110500
2013-12-17	6.110800
2013-12-16	6.112400
2013-12-13	6.114800
2013-12-12	6.111500
2013-12-11	6.110000
2013-12-10	6.111400
2013-12-09	6.113000
2013-12-06	6.123200
2013-12-05	6.131000
2013-12-04	6.130000
2013-12-03	6.135200
2013-12-02	6.132900
2013-11-29	6.132500
2013-11-28	6.134300
2013-11-27	6.133000
2013-11-26	6.135700
2013-11-25	6.134200
2013-11-22	6.138000
2013-11-21	6.136600
2013-11-20	6.130500
2013-11-19	6.131700
2013-11-18	6.133200
2013-11-15	6.135100
2013-11-14	6.131500
2013-11-13	6.134200
2013-11-12	6.136000
2013-11-11	6.139000
2013-11-08	6.135500
2013-11-07	6.145000
2013-11-06	6.147500
2013-11-05	6.144700
2013-11-04	6.148200
2013-11-01	6.145200
2013-10-31	6.142500
2013-10-30	6.141200
2013-10-29	6.137300
2013-10-28	6.133600
2013-10-25	6.133300
2013-10-24	6.133500
2013-10-23	6.133000
2013-10-22	6.139500
2013-10-21	6.135200
2013-10-18	6.137200
2013-10-17	6.143100
2013-10-16	6.140800
2013-10-15	6.141200
2013-10-14	6.140600
2013-10-11	6.145800
2013-10-10	6.145200
2013-10-09	6.143000
2013-10-08	6.141500
2013-09-30	6.148000
2013-09-27	6.149500
2013-09-26	6.147700
2013-09-25	6.149700
2013-09-24	6.148500
2013-09-23	6.147500
2013-09-18	6.155700
2013-09-17	6.157100
2013-09-16	6.155400
2013-09-13	6.157800
2013-09-12	6.157500
2013-09-11	6.160100
2013-09-10	6.161200
2013-09-09	6.164200
2013-09-06	6.172800
2013-09-05	6.169600
2013-09-04	6.172900
2013-09-03	6.171800
2013-09-02	6.170200
2013-08-30	6.170900
2013-08-29	6.169000
2013-08-28	6.166700
2013-08-27	6.168800
2013-08-26	6.168000
2013-08-23	6.171000
2013-08-22	6.169800
2013-08-21	6.167500
2013-08-20	6.169700
2013-08-19	6.169000
2013-08-16	6.166600
2013-08-15	6.169600
2013-08-14	6.172000
2013-08-13	6.170500
2013-08-12	6.166500
2013-08-09	6.166800
2013-08-08	6.170300
2013-08-07	6.172600
2013-08-06	6.175300
2013-08-05	6.176700
2013-08-02	6.181700
2013-08-01	6.177800
2013-07-31	6.178800
2013-07-30	6.177000
2013-07-29	6.170500
2013-07-26	6.172000
2013-07-25	6.175900
2013-07-24	6.169500
2013-07-23	6.170200
2013-07-22	6.172100
2013-07-19	6.175100
2013-07-18	6.172000
2013-07-17	6.165200
2013-07-16	6.169200
2013-07-15	6.166300
2013-07-12	6.163100
2013-07-11	6.159900
2013-07-10	6.165200
2013-07-09	6.173000
2013-07-08	6.180700
2013-07-05	6.179000
2013-07-04	6.175500
2013-07-03	6.180300
2013-07-02	6.177300
2013-07-01	6.180500
2013-06-28	6.178700
2013-06-27	6.179700
2013-06-26	6.177900
2013-06-25	6.176700
2013-06-24	6.180700
2013-06-21	6.176600
2013-06-20	6.169800
2013-06-19	6.167700
2013-06-18	6.165100
2013-06-17	6.159800
2013-06-14	6.160700
2013-06-13	6.161200
2013-06-07	6.162000
2013-06-06	6.173700
2013-06-05	6.175700
2013-06-04	6.173500
2013-06-03	6.180600
2013-05-31	6.179600
2013-05-30	6.182000
2013-05-29	6.185600
2013-05-28	6.181800
2013-05-27	6.181100
2013-05-24	6.186700
2013-05-23	6.194700
2013-05-22	6.190400
2013-05-21	6.191100
2013-05-20	6.199800
2013-05-17	6.199700
2013-05-16	6.209600
2013-05-15	6.207000
2013-05-14	6.203500
2013-05-13	6.207200
2013-05-10	6.201600
2013-05-09	6.192500
2013-05-08	6.198000
2013-05-07	6.208300
2013-05-06	6.211400
2013-05-03	6.215200
2013-05-02	6.208200
2013-04-26	6.220800
2013-04-25	6.230000
2013-04-24	6.238400
2013-04-23	6.236000
2013-04-22	6.241500
2013-04-19	6.239500
2013-04-18	6.241600
2013-04-17	6.234200
2013-04-16	6.240800
2013-04-15	6.245400
2013-04-12	6.250600
2013-04-11	6.257800
2013-04-10	6.254800
2013-04-09	6.263900
2013-04-08	6.265000
2013-04-03	6.260900
2013-04-02	6.258600
2013-04-01	6.267400
2013-03-29	6.268900
2013-03-28	6.274200
2013-03-27	6.272700
2013-03-26	6.271500
2013-03-25	6.269200
2013-03-22	6.271100
2013-03-21	6.273100
2013-03-20	6.271600
2013-03-19	6.275800
2013-03-18	6.274100
2013-03-15	6.272300
2013-03-14	6.275200
2013-03-13	6.272600
2013-03-12	6.274600
2013-03-11	6.276900
2013-03-08	6.271900
2013-03-07	6.278500
2013-03-06	6.274500
2013-03-05	6.279700
2013-03-04	6.282200
2013-03-01	6.279800
2013-02-28	6.277900
2013-02-27	6.284200
2013-02-26	6.285600
2013-02-25	6.289200
2013-02-22	6.287100
2013-02-21	6.284600
2013-02-20	6.280400
2013-02-19	6.282100
2013-02-18	6.281600
2013-02-08	6.279300
2013-02-07	6.289800
2013-02-06	6.288100
2013-02-05	6.285000
2013-02-04	6.286000
2013-02-01	6.281900
2013-01-31	6.279500
2013-01-30	6.280600
2013-01-29	6.285100
2013-01-28	6.281800
2013-01-25	6.280500
2013-01-24	6.278300
2013-01-23	6.276200
2013-01-22	6.279600
2013-01-21	6.279000
2013-01-18	6.275200
2013-01-17	6.276700
2013-01-16	6.274500
2013-01-15	6.269100
2013-01-14	6.269500
2013-01-11	6.271200
2013-01-10	6.279300
2013-01-09	6.281400
2013-01-08	6.280400
2013-01-07	6.287200
2013-01-04	6.289700
2012-12-31	6.285500
2012-12-28	6.289600
2012-12-27	6.294900
2012-12-26	6.294300
2012-12-25	6.293100
2012-12-24	6.291300
2012-12-21	6.288100
2012-12-20	6.287700
2012-12-19	6.286500
2012-12-18	6.288000
2012-12-17	6.289200
2012-12-14	6.292300
2012-12-13	6.288700
2012-12-12	6.288300
2012-12-11	6.290600
2012-12-10	6.292200
2012-12-07	6.293000
2012-12-06	6.291100
2012-12-05	6.287100
2012-12-04	6.288500
2012-12-03	6.290800
2012-11-30	6.289200
2012-11-29	6.291000
2012-11-28	6.290200
2012-11-27	6.285200
2012-11-26	6.288400
2012-11-23	6.290600
2012-11-22	6.291800
2012-11-21	6.290800
2012-11-20	6.292600
2012-11-19	6.297500
2012-11-16	6.294500
2012-11-15	6.290500
2012-11-14	6.288100
2012-11-13	6.289100
2012-11-12	6.292000
2012-11-09	6.301200
2012-11-08	6.306000
2012-11-07	6.306700
2012-11-06	6.307800
2012-11-05	6.308200
2012-11-02	6.304500
2012-11-01	6.301700
2012-10-31	6.300200
2012-10-30	6.302800
2012-10-29	6.299200
2012-10-26	6.301000
2012-10-25	6.304700
2012-10-24	6.308100
2012-10-23	6.307800
2012-10-22	6.307100
2012-10-19	6.305200
2012-10-18	6.302100
2012-10-17	6.302800
2012-10-16	6.310600
2012-10-15	6.311200
2012-10-12	6.326400
2012-10-11	6.339100
2012-10-10	6.344900
2012-10-09	6.344100
2012-10-08	6.342600
2012-09-28	6.341000
2012-09-27	6.345900
2012-09-26	6.344300
2012-09-25	6.343000
2012-09-24	6.341100
2012-09-21	6.342600
2012-09-20	6.338000
2012-09-19	6.339200
2012-09-18	6.335300
2012-09-17	6.329500
2012-09-14	6.331700
2012-09-13	6.333800
2012-09-12	6.335500
2012-09-11	6.339100
2012-09-10	6.337500
2012-09-07	6.341200
2012-09-06	6.343900
2012-09-05	6.346000
2012-09-04	6.340200
2012-09-03	6.341500
2012-08-31	6.344900
2012-08-30	6.343500
2012-08-29	6.339100
2012-08-28	6.341100
2012-08-27	6.339200
2012-08-24	6.330500
2012-08-23	6.331600
2012-08-22	6.334800
2012-08-21	6.341800
2012-08-20	6.347800
2012-08-17	6.344900
2012-08-16	6.349500
2012-08-15	6.348200
2012-08-14	6.344300
2012-08-13	6.345600
2012-08-10	6.344700
2012-08-09	6.338700
2012-08-08	6.337800
2012-08-07	6.333200
2012-08-06	6.335300
2012-08-03	6.342100
2012-08-02	6.339200
2012-08-01	6.330500
2012-07-31	6.332000
2012-07-30	6.330300
2012-07-27	6.332500
2012-07-26	6.338100
2012-07-25	6.342900
2012-07-24	6.333900
2012-07-23	6.327000
2012-07-20	6.311200
2012-07-19	6.312600
2012-07-18	6.314000
2012-07-17	6.316700
2012-07-16	6.320800
2012-07-13	6.324700
2012-07-12	6.321500
2012-07-11	6.320900
2012-07-10	6.319500
2012-07-09	6.329300
2012-07-06	6.324900
2012-07-05	6.319300
2012-07-04	6.312100
2012-07-03	6.317800
2012-07-02	6.314600
2012-06-29	6.324900
2012-06-28	6.319000
2012-06-27	6.317300
2012-06-26	6.321100
2012-06-25	6.323000
2012-06-21	6.300400
2012-06-20	6.301600
2012-06-19	6.300500
2012-06-18	6.308900
2012-06-15	6.308100
2012-06-14	6.319100
2012-06-13	6.327100
2012-06-12	6.329200
2012-06-11	6.316900
2012-06-08	6.318800
2012-06-07	6.317000
2012-06-06	6.326100
2012-06-05	6.322500
2012-06-04	6.327600
2012-06-01	6.338000
2012-05-31	6.335500
2012-05-30	6.329700
2012-05-29	6.326200
2012-05-28	6.323600
2012-05-25	6.326000
2012-05-24	6.324700
2012-05-23	6.320800
2012-05-22	6.307700
2012-05-21	6.311600
2012-05-18	6.320900
2012-05-17	6.323300
2012-05-16	6.320500
2012-05-15	6.311000
2012-05-14	6.304000
2012-05-11	6.295900
2012-05-10	6.294100
2012-05-09	6.286500
2012-05-08	6.280400
2012-05-07	6.285800
2012-05-04	6.272100
2012-05-03	6.269700
2012-05-02	6.267000
2012-04-27	6.278700
2012-04-26	6.282900
2012-04-25	6.292300
2012-04-24	6.300300
2012-04-23	6.297000
2012-04-20	6.304200
2012-04-19	6.300400
2012-04-18	6.294800
2012-04-17	6.289600
2012-04-16	6.296000
2012-04-13	6.287900
2012-04-12	6.298400
2012-04-11	6.301800
2012-04-10	6.304800
2012-04-09	6.302100
2012-04-06	6.307200
2012-04-05	6.303500
2012-03-30	6.294300
2012-03-29	6.293200
2012-03-28	6.291200
2012-03-27	6.284000
2012-03-26	6.285800
2012-03-23	6.289100
2012-03-22	6.300400
2012-03-21	6.309200
2012-03-20	6.302900
2012-03-19	6.308200
2012-03-16	6.320000
2012-03-15	6.335900
2012-03-14	6.332800
2012-03-13	6.325900
2012-03-12	6.328200
2012-03-09	6.307300
2012-03-08	6.323500
2012-03-07	6.321300
2012-03-06	6.314100
2012-03-05	6.312100
2012-03-02	6.298000
2012-03-01	6.301600
2012-02-29	6.291900
2012-02-28	6.296100
2012-02-27	6.298500
2012-02-24	6.296500
2012-02-23	6.303100
2012-02-22	6.298800
2012-02-21	6.296000
2012-02-20	6.293800
2012-02-17	6.295100
2012-02-16	6.299100
2012-02-15	6.295800
2012-02-14	6.294700
2012-02-13	6.293900
2012-02-10	6.293700
2012-02-09	6.300900
2012-02-08	6.302700
2012-02-07	6.311600
2012-02-06	6.310800
2012-02-03	6.310200
2012-02-02	6.307500
2012-02-01	6.310300
2012-01-31	6.311500
2012-01-30	6.305600
2012-01-20	6.313800
2012-01-19	6.317300
2012-01-18	6.320500
2012-01-17	6.325000
2012-01-16	6.330600
2012-01-13	6.320100
2012-01-12	6.323000
2012-01-11	6.315500
2012-01-10	6.317100
2012-01-09	6.323600
2012-01-06	6.316600
2012-01-05	6.311500
2012-01-04	6.300100
2011-12-30	6.300900
2011-12-29	6.315700
2011-12-28	6.314600
2011-12-27	6.315200
2011-12-26	6.316700
2011-12-23	6.320900
2011-12-22	6.325300
2011-12-21	6.324800
2011-12-20	6.335100
2011-12-19	6.330300
2011-12-16	6.335200
2011-12-15	6.342100
2011-12-14	6.339600
2011-12-13	6.335900
2011-12-12	6.329700
2011-12-09	6.335200
2011-12-08	6.331900
2011-12-07	6.334200
2011-12-06	6.333400
2011-12-05	6.334900
2011-12-02	6.331000
2011-12-01	6.335300
2011-11-30	6.348200
2011-11-29	6.358700
2011-11-28	6.358500
2011-11-25	6.355400
2011-11-24	6.357000
2011-11-23	6.349800
2011-11-22	6.355500
2011-11-21	6.352200
2011-11-18	6.354800
2011-11-17	6.355300
2011-11-16	6.350900
2011-11-15	6.343600
2011-11-14	6.330100
2011-11-11	6.331700
2011-11-10	6.332900
2011-11-09	6.320700
2011-11-08	6.324700
2011-11-07	6.321200
2011-11-04	6.316500
2011-11-03	6.319800
2011-11-02	6.329700
2011-11-01	6.329300
2011-10-31	6.323300
2011-10-28	6.329000
2011-10-27	6.347700
2011-10-26	6.345600
2011-10-25	6.342500
2011-10-24	6.354900
2011-10-21	6.365200
2011-10-20	6.365200
2011-10-19	6.372700
2011-10-18	6.374900
2011-10-17	6.371000
2011-10-14	6.376200
2011-10-13	6.373700
2011-10-12	6.359800
2011-10-11	6.348300
2011-10-10	6.358600
2011-09-30	6.354900
2011-09-29	6.366500
2011-09-28	6.362300
2011-09-27	6.376000
2011-09-26	6.373500
2011-09-23	6.384000
2011-09-22	6.380800
2011-09-21	6.377200
2011-09-20	6.388000
2011-09-19	6.384800
2011-09-16	6.379700
2011-09-15	6.387800
2011-09-14	6.394500
2011-09-13	6.398200
2011-09-09	6.392200
2011-09-08	6.388900
2011-09-07	6.396800
2011-09-06	6.394600
2011-09-05	6.392600
2011-09-02	6.389600
2011-09-01	6.385900
2011-08-31	6.386700
2011-08-30	6.384900
2011-08-29	6.388300
2011-08-26	6.395000
2011-08-25	6.393600
2011-08-24	6.389600
2011-08-23	6.398700
2011-08-22	6.399700
2011-08-19	6.403200
2011-08-18	6.394200
2011-08-17	6.399600
2011-08-16	6.392500
2011-08-15	6.395000
2011-08-12	6.397200
2011-08-11	6.399100
2011-08-10	6.416700
2011-08-09	6.433500
2011-08-08	6.430500
2011-08-05	6.445100
2011-08-04	6.438600
2011-08-03	6.444100
2011-08-02	6.441900
2011-08-01	6.439900
2011-07-29	6.444200
2011-07-28	6.443800
2011-07-27	6.442600
2011-07-26	6.447000
2011-07-25	6.450300
2011-07-22	6.449500
2011-07-21	6.453600
2011-07-20	6.459200
2011-07-19	6.468400
2011-07-18	6.468000
2011-07-15	6.466500
2011-07-14	6.464000
2011-07-13	6.472800
2011-07-12	6.474800
2011-07-11	6.470900
2011-07-08	6.470500
2011-07-07	6.473200
2011-07-06	6.471500
2011-07-05	6.465000
2011-07-04	6.466100
2011-07-01	6.468500
2011-06-30	6.471600
2011-06-29	6.471800
2011-06-28	6.472300
2011-06-27	6.475000
2011-06-24	6.474200
2011-06-23	6.473600
2011-06-22	6.468300
2011-06-21	6.469000
2011-06-20	6.469600
2011-06-17	6.471600
2011-06-16	6.480300
2011-06-15	6.479600
2011-06-14	6.482200
2011-06-13	6.489200
2011-06-10	6.485300
2011-06-09	6.483000
2011-06-08	6.479500
2011-06-07	6.481600
2011-06-03	6.488600
2011-06-02	6.488600
2011-06-01	6.483700
2011-05-31	6.484500
2011-05-30	6.485600
2011-05-27	6.489800
2011-05-26	6.492100
2011-05-25	6.494900
2011-05-24	6.503800
2011-05-23	6.499800
2011-05-20	6.498300
2011-05-19	6.504800
2011-05-18	6.507400
2011-05-17	6.510800
2011-05-16	6.508900
2011-05-13	6.501700
2011-05-12	6.500500
2011-05-11	6.494800
2011-05-10	6.495000
2011-05-09	6.498800
2011-05-06	6.500300
2011-05-05	6.502500
2011-05-04	6.501300
2011-05-03	6.500200
2011-04-29	6.499000
2011-04-28	6.505100
2011-04-27	6.509600
2011-04-26	6.517300
2011-04-25	6.516100
2011-04-22	6.515600
2011-04-21	6.522800
2011-04-20	6.529400
2011-04-19	6.534600
2011-04-18	6.531000
2011-04-15	6.530100
2011-04-14	6.533900
2011-04-13	6.536900
2011-04-12	6.544000
2011-04-11	6.540100
2011-04-08	6.542000
2011-04-07	6.545600
2011-04-06	6.549600
2011-04-01	6.552700
2011-03-31	6.556400
2011-03-30	6.558600
2011-03-29	6.562500
2011-03-28	6.561800
2011-03-25	6.558000
2011-03-24	6.562500
2011-03-23	6.560100
2011-03-22	6.559200
2011-03-21	6.563200
2011-03-18	6.566800
2011-03-17	6.569000
2011-03-16	6.571800
2011-03-15	6.567900
2011-03-14	6.570100
2011-03-11	6.575000
2011-03-10	6.571300
2011-03-09	6.574800
2011-03-08	6.565100
2011-03-07	6.565100
2011-03-04	6.567100
2011-03-03	6.569500
2011-03-02	6.573600
2011-03-01	6.570600
2011-02-28	6.575200
2011-02-25	6.575700
2011-02-24	6.579500
2011-02-23	6.582800
2011-02-22	6.577200
2011-02-21	6.570500
2011-02-18	6.578100
2011-02-17	6.580000
2011-02-16	6.585500
2011-02-15	6.592900
2011-02-14	6.598500
2011-02-11	6.595200
2011-02-10	6.584900
2011-02-09	6.585000
2011-02-01	6.586000
2011-01-31	6.589100
2011-01-28	6.593000
2011-01-27	6.587600
2011-01-26	6.587800
2011-01-25	6.588100
2011-01-24	6.588300
2011-01-21	6.588600
2011-01-20	6.588300
2011-01-19	6.588500
2011-01-18	6.589100
2011-01-17	6.589700
2011-01-14	6.589600
2011-01-13	6.599700
2011-01-12	6.612800
2011-01-11	6.621600
2011-01-10	6.634900
2011-01-07	6.634100
2011-01-06	6.632200
2011-01-05	6.629500
2011-01-04	6.621500
2010-12-31	6.622700
2010-12-30	6.622900
2010-12-29	6.624700
2010-12-28	6.625200
2010-12-27	6.630500
2010-12-24	6.637100
2010-12-23	6.646600
2010-12-22	6.654800
2010-12-21	6.659700
2010-12-20	6.662300
2010-12-17	6.659300
2010-12-16	6.663500
2010-12-15	6.656600
2010-12-14	6.653100
2010-12-13	6.663000
2010-12-10	6.660400
2010-12-09	6.665400
2010-12-08	6.661600
2010-12-07	6.656500
2010-12-06	6.651500
2010-12-03	6.660500
2010-12-02	6.669100
2010-12-01	6.678600
2010-11-30	6.676200
2010-11-29	6.670000
2010-11-26	6.655300
2010-11-25	6.655700
2010-11-24	6.658900
2010-11-23	6.646900
2010-11-22	6.638900
2010-11-19	6.640800
2010-11-18	6.645500
2010-11-17	6.649000
2010-11-16	6.644100
2010-11-15	6.630300
2010-11-12	6.623900
2010-11-11	6.624200
2010-11-10	6.645000
2010-11-09	6.658000
2010-11-08	6.669200
2010-11-05	6.661000
2010-11-04	6.670800
2010-11-03	6.681800
2010-11-02	6.692500
2010-11-01	6.688600
2010-10-29	6.690800
2010-10-28	6.698600
2010-10-27	6.691200
2010-10-26	6.676200
2010-10-25	6.672900
2010-10-22	6.675900
2010-10-21	6.669500
2010-10-20	6.675400
2010-10-19	6.655300
2010-10-18	6.654100
2010-10-15	6.649700
2010-10-14	6.658200
2010-10-13	6.669300
2010-10-12	6.677500
2010-10-11	6.673200
2010-10-08	6.683000
2010-09-30	6.701100
2010-09-29	6.693600
2010-09-28	6.705100
2010-09-27	6.709800
2010-09-21	6.699700
2010-09-20	6.711000
2010-09-17	6.717200
2010-09-16	6.718100
2010-09-15	6.725000
2010-09-14	6.737800
2010-09-13	6.750900
2010-09-10	6.762500
2010-09-09	6.781700
2010-09-08	6.790700
2010-09-07	6.779900
2010-09-06	6.783800
2010-09-03	6.797300
2010-09-02	6.800300
2010-09-01	6.812600
2010-08-31	6.810500
2010-08-30	6.802500
2010-08-27	6.800100
2010-08-26	6.804100
2010-08-25	6.800700
2010-08-24	6.799900
2010-08-23	6.798900
2010-08-20	6.788400
2010-08-19	6.789800
2010-08-18	6.789500
2010-08-17	6.797900
2010-08-16	6.806400
2010-08-13	6.803500
2010-08-12	6.801500
2010-08-11	6.776800
2010-08-10	6.774500
2010-08-09	6.768500
2010-08-06	6.773000
2010-08-05	6.778300
2010-08-04	6.771500
2010-08-03	6.772200
2010-08-02	6.774200
2010-07-30	6.775000
2010-07-29	6.778700
2010-07-28	6.778500
2010-07-27	6.774200
2010-07-26	6.777800
2010-07-23	6.779000
2010-07-22	6.785900
2010-07-21	6.780200
2010-07-20	6.781200
2010-07-19	6.780000
2010-07-16	6.771800
2010-07-15	6.774100
2010-07-14	6.775500
2010-07-13	6.780200
2010-07-12	6.771800
2010-07-09	6.775300
2010-07-08	6.776800
2010-07-07	6.778100
2010-07-06	6.779000
2010-07-05	6.773300
2010-07-02	6.772000
2010-07-01	6.785800
2010-06-30	6.790900
2010-06-29	6.790100
2010-06-28	6.789000
2010-06-25	6.789600
2010-06-24	6.810000
2010-06-23	6.810200
2010-06-22	6.798000
2010-06-21	6.827500
2010-06-18	6.827500
2010-06-17	6.827700
2010-06-11	6.827900
2010-06-10	6.828100
2010-06-09	6.828200
2010-06-08	6.828400
2010-06-07	6.828100
2010-06-04	6.828100
2010-06-03	6.828000
2010-06-02	6.828100
2010-06-01	6.827900
2010-05-31	6.828000
2010-05-28	6.827900
2010-05-27	6.828100
2010-05-26	6.828000
2010-05-25	6.827900
2010-05-24	6.827700
2010-05-21	6.827600
2010-05-20	6.827700
2010-05-19	6.827800
2010-05-18	6.827600
2010-05-17	6.827500
2010-05-14	6.827300
2010-05-13	6.827200
2010-05-12	6.827100
2010-05-11	6.827000
2010-05-10	6.826900
2010-05-07	6.827100
2010-05-06	6.826900
2010-05-05	6.826700
2010-05-04	6.826500
2010-04-30	6.826300
2010-04-29	6.826500
2010-04-28	6.826400
2010-04-27	6.826200
2010-04-26	6.826300
2010-04-23	6.826400
2010-04-22	6.826300
2010-04-21	6.826400
2010-04-20	6.826300
2010-04-19	6.826200
2010-04-16	6.826100
2010-04-15	6.826000
2010-04-14	6.826100
2010-04-13	6.826000
2010-04-12	6.825900
2010-04-09	6.826000
2010-04-08	6.825900
2010-04-07	6.825900
2010-04-06	6.826000
2010-04-02	6.826000
2010-04-01	6.826100
2010-03-31	6.826300
2010-03-30	6.826400
2010-03-29	6.826600
2010-03-26	6.826800
2010-03-25	6.826600
2010-03-24	6.826400
2010-03-23	6.826300
2010-03-22	6.826400
2010-03-19	6.826300
2010-03-18	6.826200
2010-03-17	6.826200
2010-03-16	6.826300
2010-03-15	6.826100
2010-03-12	6.826200
2010-03-11	6.826300
2010-03-10	6.826400
2010-03-09	6.826500
2010-03-08	6.826600
2010-03-05	6.826600
2010-03-04	6.826500
2010-03-03	6.826600
2010-03-02	6.826800
2010-03-01	6.826700
2010-02-26	6.826900
2010-02-25	6.827000
2010-02-24	6.827100
2010-02-23	6.827000
2010-02-22	6.827100
2010-02-12	6.826900
2010-02-11	6.827000
2010-02-10	6.826900
2010-02-09	6.827100
2010-02-08	6.827300
2010-02-05	6.827200
2010-02-04	6.827000
2010-02-03	6.826900
2010-02-02	6.827100
2010-02-01	6.827100
2010-01-29	6.827000
2010-01-28	6.827100
2010-01-27	6.827000
2010-01-26	6.826900
2010-01-25	6.827000
2010-01-22	6.827100
2010-01-21	6.827200
2010-01-20	6.827300
2010-01-19	6.827000
2010-01-18	6.827200
2010-01-15	6.827100
2010-01-14	6.827200
2010-01-13	6.827300
2010-01-12	6.827400
2010-01-11	6.827500
2010-01-08	6.827900
2010-01-07	6.827600
2010-01-06	6.827700
2010-01-05	6.827800
2010-01-04	6.828100
2009-12-31	6.828200
2009-12-30	6.828300
2009-12-29	6.828200
2009-12-28	6.828200
2009-12-25	6.828300
2009-12-24	6.828500
2009-12-23	6.828700
2009-12-22	6.828500
2009-12-21	6.828300
2009-12-18	6.828400
2009-12-17	6.828100
2009-12-16	6.828000
2009-12-15	6.827800
2009-12-14	6.827900
2009-12-11	6.827700
2009-12-10	6.827600
2009-12-09	6.827900
2009-12-08	6.827700
2009-12-07	6.827800
2009-12-04	6.827200
2009-12-03	6.827000
2009-12-02	6.826800
2009-12-01	6.827000
2009-11-30	6.827200
2009-11-27	6.826900
2009-11-26	6.826800
2009-11-25	6.827500
2009-11-24	6.827600
2009-11-23	6.827900
2009-11-20	6.827800
2009-11-19	6.827400
2009-11-18	6.827500
2009-11-17	6.827100
2009-11-16	6.827200
2009-11-13	6.827300
2009-11-12	6.826800
2009-11-11	6.826700
2009-11-10	6.826800
2009-11-09	6.827300
2009-11-06	6.827600
2009-11-05	6.827700
2009-11-04	6.828000
2009-11-03	6.827900
2009-11-02	6.828200
2009-10-30	6.828100
2009-10-29	6.828500
2009-10-28	6.828300
2009-10-27	6.828400
2009-10-26	6.828000
2009-10-23	6.827500
2009-10-22	6.827200
2009-10-21	6.827800
2009-10-20	6.827300
2009-10-19	6.827500
2009-10-16	6.827000
2009-10-15	6.826700
2009-10-14	6.826900
2009-10-13	6.827000
2009-10-12	6.827500
2009-10-09	6.827000
2009-09-30	6.829000
2009-09-29	6.828800
2009-09-28	6.827900
2009-09-25	6.828700
2009-09-24	6.828000
2009-09-23	6.827100
2009-09-22	6.828900
2009-09-21	6.828000
2009-09-18	6.827100
2009-09-17	6.827200
2009-09-16	6.828100
2009-09-15	6.828400
2009-09-14	6.828000
2009-09-11	6.828200
2009-09-10	6.828800
2009-09-09	6.829200
2009-09-08	6.830000
2009-09-07	6.830500
2009-09-04	6.831000
2009-09-03	6.830700
2009-09-02	6.831600
2009-09-01	6.830800
2009-08-31	6.831200
2009-08-28	6.830900
2009-08-27	6.832000
2009-08-26	6.831300
2009-08-25	6.831100
2009-08-24	6.830900
2009-08-21	6.831300
2009-08-20	6.831800
2009-08-19	6.832900
2009-08-18	6.833900
2009-08-17	6.833300
2009-08-14	6.832800
2009-08-13	6.834300
2009-08-12	6.835100
2009-08-11	6.835200
2009-08-10	6.834600
2009-08-07	6.831600
2009-08-06	6.830400
2009-08-05	6.830600
2009-08-04	6.830300
2009-08-03	6.831000
2009-07-31	6.832300
2009-07-30	6.833500
2009-07-29	6.831400
2009-07-28	6.831000
2009-07-27	6.831600
2009-07-24	6.831800
2009-07-23	6.830700
2009-07-22	6.830900
2009-07-21	6.831100
2009-07-20	6.832100
2009-07-17	6.831000
2009-07-16	6.831500
2009-07-15	6.832800
2009-07-14	6.833200
2009-07-13	6.832000
2009-07-10	6.831300
2009-07-09	6.832500
2009-07-08	6.833600
2009-07-07	6.832600
2009-07-06	6.833000
2009-07-03	6.833300
2009-07-02	6.830900
2009-07-01	6.832500
2009-06-30	6.831900
2009-06-29	6.831600
2009-06-26	6.832800
2009-06-25	6.833100
2009-06-24	6.831600
2009-06-23	6.833900
2009-06-22	6.832800
2009-06-19	6.833800
2009-06-18	6.832100
2009-06-17	6.834000
2009-06-16	6.836800
2009-06-15	6.834300
2009-06-12	6.832500
2009-06-11	6.834800
2009-06-10	6.833600
2009-06-09	6.836600
2009-06-08	6.836500
2009-06-05	6.833400
2009-06-04	6.832500
2009-06-03	6.830200
2009-06-02	6.830900
2009-06-01	6.831700
2009-05-27	6.832400
2009-05-26	6.823500
2009-05-25	6.823500
2009-05-22	6.823900
2009-05-21	6.824500
2009-05-20	6.825100
2009-05-19	6.826000
2009-05-18	6.826700
2009-05-15	6.824700
2009-05-14	6.825000
2009-05-13	6.823500
2009-05-12	6.824200
2009-05-11	6.822000
2009-05-08	6.822100
2009-05-07	6.823000
2009-05-06	6.823200
2009-05-05	6.820100
2009-05-04	6.822500
2009-04-30	6.825000
2009-04-29	6.826500
2009-04-28	6.827400
2009-04-27	6.825300
2009-04-24	6.827300
2009-04-23	6.829500
2009-04-22	6.830600
2009-04-21	6.834200
2009-04-20	6.832900
2009-04-17	6.831100
2009-04-16	6.830100
2009-04-15	6.829300
2009-04-14	6.829600
2009-04-13	6.833200
2009-04-10	6.834700
2009-04-09	6.835800
2009-04-08	6.837000
2009-04-07	6.834000
2009-04-03	6.832000
2009-04-02	6.834100
2009-04-01	6.834900
2009-03-31	6.835900
2009-03-30	6.834000
2009-03-27	6.831700
2009-03-26	6.832100
2009-03-25	6.832800
2009-03-24	6.830100
2009-03-23	6.830400
2009-03-20	6.829300
2009-03-19	6.830100
2009-03-18	6.831900
2009-03-17	6.832700
2009-03-16	6.834900
2009-03-13	6.833400
2009-03-12	6.833900
2009-03-11	6.834700
2009-03-10	6.835800
2009-03-09	6.835500
2009-03-06	6.837000
2009-03-05	6.836500
2009-03-04	6.839500
2009-03-03	6.839200
2009-03-02	6.838900
